{
  "version": 1,
  "author": "eu",
  "editor": "wokwi",
  "parts": [
    {
      "type": "wokwi-breadboard",
      "id": "bb1",
      "top": -60.6,
      "left": -141.2,
      "rotate": 90,
      "attrs": {}
    },
    {
      "type": "wokwi-breadboard",
      "id": "bb2",
      "top": -62.2,
      "left": 32.8,
      "rotate": 90,
      "attrs": {}
    },
    {
      "type": "board-esp32-devkit-c-v4",
      "id": "esp",
      "top": 134.4,
      "left": 225.64,
      "attrs": { "builder": "esp-idf" }
    },
    {
      "type": "wokwi-photoresistor-sensor",
      "id": "ldr1",
      "top": 425.6,
      "left": 29.6,
      "attrs": {}
    },
    { "type": "wokwi-dht22", "id": "dht1", "top": 67.5, "left": 378.6, "attrs": {} }
  ],
  "connections": [
    [ "esp:TX", "$serialMonitor:RX", "", [] ],
    [ "esp:RX", "$serialMonitor:TX", "", [] ],
    [ "esp:34", "dht1:SDA", "green", [ "h0" ] ],
    [ "ldr1:GND", "bb1:bn.50", "black", [ "h0" ] ],
    [ "ldr1:VCC", "bb1:bp.50", "red", [ "h0" ] ],
    [ "bb2:61b.g", "ldr1:AO", "green", [ "h0", "v96" ] ],
    [ "esp:GND.1", "bb1:bn.44", "black", [ "h0" ] ],
    [ "bb1:bp.44", "bb1:45t.e", "green", [ "h0" ] ],
    [ "esp:12", "bb1:57t.b", "", [ "$bb" ] ],
    [ "esp:13", "bb1:59t.b", "", [ "$bb" ] ],
    [ "esp:14", "bb1:56t.b", "", [ "$bb" ] ],
    [ "esp:25", "bb1:53t.b", "", [ "$bb" ] ],
    [ "esp:26", "bb1:54t.b", "", [ "$bb" ] ],
    [ "esp:27", "bb1:55t.b", "", [ "$bb" ] ],
    [ "esp:32", "bb1:51t.b", "", [ "$bb" ] ],
    [ "esp:33", "bb1:52t.b", "", [ "$bb" ] ],
    [ "esp:34", "bb1:49t.b", "", [ "$bb" ] ],
    [ "esp:35", "bb1:50t.b", "", [ "$bb" ] ],
    [ "esp:3V3", "bb1:45t.b", "", [ "$bb" ] ],
    [ "esp:EN", "bb1:46t.b", "", [ "$bb" ] ],
    [ "esp:VP", "bb1:47t.b", "", [ "$bb" ] ],
    [ "esp:VN", "bb1:48t.b", "", [ "$bb" ] ],
    [ "esp:GND.1", "bb1:58t.b", "", [ "$bb" ] ],
    [ "esp:D2", "bb1:60t.b", "", [ "$bb" ] ],
    [ "esp:D3", "bb1:61t.b", "", [ "$bb" ] ],
    [ "esp:CMD", "bb1:62t.b", "", [ "$bb" ] ],
    [ "esp:5V", "bb1:63t.b", "", [ "$bb" ] ],
    [ "esp:0", "bb2:58b.h", "", [ "$bb" ] ],
    [ "esp:2", "bb2:59b.h", "", [ "$bb" ] ],
    [ "esp:4", "bb2:57b.h", "", [ "$bb" ] ],
    [ "esp:5", "bb2:54b.h", "", [ "$bb" ] ],
    [ "esp:15", "bb2:60b.h", "", [ "$bb" ] ],
    [ "esp:16", "bb2:56b.h", "", [ "$bb" ] ],
    [ "esp:17", "bb2:55b.h", "", [ "$bb" ] ],
    [ "esp:18", "bb2:53b.h", "", [ "$bb" ] ],
    [ "esp:19", "bb2:52b.h", "", [ "$bb" ] ],
    [ "esp:21", "bb2:50b.h", "", [ "$bb" ] ],
    [ "esp:22", "bb2:47b.h", "", [ "$bb" ] ],
    [ "esp:23", "bb2:46b.h", "", [ "$bb" ] ],
    [ "esp:GND.2", "bb2:45b.h", "", [ "$bb" ] ],
    [ "esp:TX", "bb2:48b.h", "", [ "$bb" ] ],
    [ "esp:RX", "bb2:49b.h", "", [ "$bb" ] ],
    [ "esp:GND.3", "bb2:51b.h", "", [ "$bb" ] ],
    [ "esp:D1", "bb2:61b.h", "", [ "$bb" ] ],
    [ "esp:D0", "bb2:62b.h", "", [ "$bb" ] ],
    [ "esp:CLK", "bb2:63b.h", "", [ "$bb" ] ],
    [ "dht1:VCC", "bb2:47t.c", "", [ "$bb" ] ],
    [ "dht1:SDA", "bb2:47t.b", "", [ "$bb" ] ],
    [ "dht1:NC", "bb2:47t.a", "", [ "$bb" ] ],
    [ "dht1:GND", "bb1:bn.41", "black", [ "v0" ] ],
    [ "dht1:VCC", "bb1:bp.40", "red", [ "v0" ] ]
  ],
  "dependencies": {}
}